<?xml version='1.0' encoding='utf-8'?>
<graphml>
  <key attr.name="dotted" attr.type="boolean" for="edge" id="d2" />
  <key attr.name="y" attr.type="double" for="node" id="d1" />
  <key attr.name="x" attr.type="double" for="node" id="d0" />
  <graph edgedefault="directed">
    <node id="1">
      <data key="d0">2.19</data>
      <data key="d1">2.78</data>
    </node>
    <node id="2">
      <data key="d0">2.19</data>
      <data key="d1">3.15</data>
    </node>
    <node id="3">
      <data key="d0">2.78</data>
      <data key="d1">3.73</data>
    </node>
    <node id="4">
      <data key="d0">3.15</data>
      <data key="d1">3.73</data>
    </node>
    <node id="5">
      <data key="d0">3.74</data>
      <data key="d1">3.15</data>
    </node>
    <node id="6">
      <data key="d0">3.74</data>
      <data key="d1">2.78</data>
    </node>
    <node id="7">
      <data key="d0">3.15</data>
      <data key="d1">2.19</data>
    </node>
    <node id="8">
      <data key="d0">2.78</data>
      <data key="d1">2.19</data>
    </node>
    <node id="9">
      <data key="d0">2.96</data>
      <data key="d1">2.96</data>
    </node>
    <node id="10">
      <data key="d0">2.96</data>
      <data key="d1">2.96</data>
    </node>
    <node id="11">
      <data key="d0">2.96</data>
      <data key="d1">2.96</data>
    </node>
    <node id="12">
      <data key="d0">2.96</data>
      <data key="d1">2.96</data>
    </node>
    <node id="13">
      <data key="d0">2.21</data>
      <data key="d1">0.48</data>
    </node>
    <node id="14">
      <data key="d0">2.21</data>
      <data key="d1">0.86</data>
    </node>
    <node id="15">
      <data key="d0">2.78</data>
      <data key="d1">1.43</data>
    </node>
    <node id="16">
      <data key="d0">3.15</data>
      <data key="d1">1.43</data>
    </node>
    <node id="17">
      <data key="d0">3.72</data>
      <data key="d1">0.86</data>
    </node>
    <node id="18">
      <data key="d0">3.72</data>
      <data key="d1">0.48</data>
    </node>
    <node id="19">
      <data key="d0">2.96</data>
      <data key="d1">0.67</data>
    </node>
    <node id="20">
      <data key="d0">2.96</data>
      <data key="d1">0.67</data>
    </node>
    <node id="21">
      <data key="d0">2.96</data>
      <data key="d1">0.67</data>
    </node>
    <node id="22">
      <data key="d0">3.72</data>
      <data key="d1">5.46</data>
    </node>
    <node id="23">
      <data key="d0">3.72</data>
      <data key="d1">5.09</data>
    </node>
    <node id="24">
      <data key="d0">3.15</data>
      <data key="d1">4.52</data>
    </node>
    <node id="25">
      <data key="d0">2.78</data>
      <data key="d1">4.52</data>
    </node>
    <node id="26">
      <data key="d0">2.21</data>
      <data key="d1">5.09</data>
    </node>
    <node id="27">
      <data key="d0">2.21</data>
      <data key="d1">5.46</data>
    </node>
    <node id="28">
      <data key="d0">2.96</data>
      <data key="d1">5.28</data>
    </node>
    <node id="29">
      <data key="d0">2.96</data>
      <data key="d1">5.28</data>
    </node>
    <node id="30">
      <data key="d0">2.96</data>
      <data key="d1">5.28</data>
    </node>
    <node id="31">
      <data key="d0">0.49</data>
      <data key="d1">1.44</data>
    </node>
    <node id="32">
      <data key="d0">0.57</data>
      <data key="d1">1.11</data>
    </node>
    <node id="33">
      <data key="d0">0.78</data>
      <data key="d1">0.77</data>
    </node>
    <node id="34">
      <data key="d0">1.12</data>
      <data key="d1">0.56</data>
    </node>
    <node id="35">
      <data key="d0">1.44</data>
      <data key="d1">0.48</data>
    </node>
    <node id="36">
      <data key="d0">0.88</data>
      <data key="d1">1.44</data>
    </node>
    <node id="37">
      <data key="d0">0.93</data>
      <data key="d1">1.19</data>
    </node>
    <node id="38">
      <data key="d0">1.2</data>
      <data key="d1">0.93</data>
    </node>
    <node id="39">
      <data key="d0">1.44</data>
      <data key="d1">0.88</data>
    </node>
    <node id="40">
      <data key="d0">4.48</data>
      <data key="d1">2.78</data>
    </node>
    <node id="41">
      <data key="d0">4.81</data>
      <data key="d1">2.86</data>
    </node>
    <node id="42">
      <data key="d0">5.15</data>
      <data key="d1">3.07</data>
    </node>
    <node id="43">
      <data key="d0">5.36</data>
      <data key="d1">3.41</data>
    </node>
    <node id="44">
      <data key="d0">5.44</data>
      <data key="d1">3.74</data>
    </node>
    <node id="45">
      <data key="d0">4.48</data>
      <data key="d1">3.17</data>
    </node>
    <node id="46">
      <data key="d0">4.73</data>
      <data key="d1">3.22</data>
    </node>
    <node id="47">
      <data key="d0">4.99</data>
      <data key="d1">3.49</data>
    </node>
    <node id="48">
      <data key="d0">5.05</data>
      <data key="d1">3.74</data>
    </node>
    <node id="49">
      <data key="d0">5.46</data>
      <data key="d1">4.49</data>
    </node>
    <node id="50">
      <data key="d0">5.37</data>
      <data key="d1">4.82</data>
    </node>
    <node id="51">
      <data key="d0">5.16</data>
      <data key="d1">5.15</data>
    </node>
    <node id="52">
      <data key="d0">4.83</data>
      <data key="d1">5.36</data>
    </node>
    <node id="53">
      <data key="d0">4.5</data>
      <data key="d1">5.45</data>
    </node>
    <node id="54">
      <data key="d0">5.06</data>
      <data key="d1">4.49</data>
    </node>
    <node id="55">
      <data key="d0">5.01</data>
      <data key="d1">4.74</data>
    </node>
    <node id="56">
      <data key="d0">4.75</data>
      <data key="d1">5.0</data>
    </node>
    <node id="57">
      <data key="d0">4.5</data>
      <data key="d1">5.05</data>
    </node>
    <node id="58">
      <data key="d0">1.43</data>
      <data key="d1">3.15</data>
    </node>
    <node id="59">
      <data key="d0">1.1</data>
      <data key="d1">3.06</data>
    </node>
    <node id="60">
      <data key="d0">0.77</data>
      <data key="d1">2.85</data>
    </node>
    <node id="61">
      <data key="d0">0.56</data>
      <data key="d1">2.52</data>
    </node>
    <node id="62">
      <data key="d0">0.47</data>
      <data key="d1">2.19</data>
    </node>
    <node id="63">
      <data key="d0">1.43</data>
      <data key="d1">2.75</data>
    </node>
    <node id="64">
      <data key="d0">1.18</data>
      <data key="d1">2.7</data>
    </node>
    <node id="65">
      <data key="d0">0.92</data>
      <data key="d1">2.44</data>
    </node>
    <node id="66">
      <data key="d0">0.87</data>
      <data key="d1">2.19</data>
    </node>
    <node id="67">
      <data key="d0">1.66</data>
      <data key="d1">0.86</data>
    </node>
    <node id="68">
      <data key="d0">1.66</data>
      <data key="d1">0.49</data>
    </node>
    <node id="69">
      <data key="d0">1.99</data>
      <data key="d1">0.86</data>
    </node>
    <node id="70">
      <data key="d0">1.99</data>
      <data key="d1">0.49</data>
    </node>
    <node id="71">
      <data key="d0">3.94</data>
      <data key="d1">0.86</data>
    </node>
    <node id="72">
      <data key="d0">3.94</data>
      <data key="d1">0.49</data>
    </node>
    <node id="73">
      <data key="d0">4.29</data>
      <data key="d1">0.86</data>
    </node>
    <node id="74">
      <data key="d0">4.29</data>
      <data key="d1">0.49</data>
    </node>
    <node id="75">
      <data key="d0">2.78</data>
      <data key="d1">1.64</data>
    </node>
    <node id="76">
      <data key="d0">3.15</data>
      <data key="d1">1.64</data>
    </node>
    <node id="77">
      <data key="d0">2.78</data>
      <data key="d1">1.97</data>
    </node>
    <node id="78">
      <data key="d0">3.15</data>
      <data key="d1">1.97</data>
    </node>
    <node id="79">
      <data key="d0">0.48</data>
      <data key="d1">1.65</data>
    </node>
    <node id="80">
      <data key="d0">0.85</data>
      <data key="d1">1.65</data>
    </node>
    <node id="81">
      <data key="d0">0.48</data>
      <data key="d1">1.97</data>
    </node>
    <node id="82">
      <data key="d0">0.85</data>
      <data key="d1">1.97</data>
    </node>
    <node id="83">
      <data key="d0">1.64</data>
      <data key="d1">3.16</data>
    </node>
    <node id="84">
      <data key="d0">1.64</data>
      <data key="d1">2.79</data>
    </node>
    <node id="85">
      <data key="d0">1.97</data>
      <data key="d1">3.16</data>
    </node>
    <node id="86">
      <data key="d0">1.97</data>
      <data key="d1">2.79</data>
    </node>
    <node id="87">
      <data key="d0">3.95</data>
      <data key="d1">3.16</data>
    </node>
    <node id="88">
      <data key="d0">3.95</data>
      <data key="d1">2.79</data>
    </node>
    <node id="89">
      <data key="d0">4.27</data>
      <data key="d1">3.16</data>
    </node>
    <node id="90">
      <data key="d0">4.27</data>
      <data key="d1">2.79</data>
    </node>
    <node id="91">
      <data key="d0">2.78</data>
      <data key="d1">3.96</data>
    </node>
    <node id="92">
      <data key="d0">3.15</data>
      <data key="d1">3.96</data>
    </node>
    <node id="93">
      <data key="d0">2.78</data>
      <data key="d1">4.29</data>
    </node>
    <node id="94">
      <data key="d0">3.15</data>
      <data key="d1">4.29</data>
    </node>
    <node id="95">
      <data key="d0">5.08</data>
      <data key="d1">3.95</data>
    </node>
    <node id="96">
      <data key="d0">5.45</data>
      <data key="d1">3.95</data>
    </node>
    <node id="97">
      <data key="d0">5.08</data>
      <data key="d1">4.27</data>
    </node>
    <node id="98">
      <data key="d0">5.45</data>
      <data key="d1">4.27</data>
    </node>
    <node id="99">
      <data key="d0">2.06</data>
      <data key="d1">5.46</data>
    </node>
    <node id="100">
      <data key="d0">2.06</data>
      <data key="d1">5.09</data>
    </node>
    <node id="101">
      <data key="d0">3.94</data>
      <data key="d1">5.46</data>
    </node>
    <node id="102">
      <data key="d0">3.94</data>
      <data key="d1">5.09</data>
    </node>
    <node id="103">
      <data key="d0">4.27</data>
      <data key="d1">5.46</data>
    </node>
    <node id="104">
      <data key="d0">4.27</data>
      <data key="d1">5.09</data>
    </node>
    <node id="105">
      <data key="d0">4.63</data>
      <data key="d1">0.86</data>
    </node>
    <node id="106">
      <data key="d0">4.63</data>
      <data key="d1">0.49</data>
    </node>
    <node id="107">
      <data key="d0">4.91</data>
      <data key="d1">0.86</data>
    </node>
    <node id="108">
      <data key="d0">4.91</data>
      <data key="d1">0.49</data>
    </node>
    <node id="109">
      <data key="d0">5.18</data>
      <data key="d1">0.86</data>
    </node>
    <node id="110">
      <data key="d0">5.18</data>
      <data key="d1">0.49</data>
    </node>
    <node id="111">
      <data key="d0">5.46</data>
      <data key="d1">0.86</data>
    </node>
    <node id="112">
      <data key="d0">5.46</data>
      <data key="d1">0.49</data>
    </node>
    <node id="113">
      <data key="d0">0.4</data>
      <data key="d1">5.46</data>
    </node>
    <node id="114">
      <data key="d0">0.4</data>
      <data key="d1">5.09</data>
    </node>
    <node id="115">
      <data key="d0">0.67</data>
      <data key="d1">5.46</data>
    </node>
    <node id="116">
      <data key="d0">0.67</data>
      <data key="d1">5.09</data>
    </node>
    <node id="117">
      <data key="d0">0.95</data>
      <data key="d1">5.46</data>
    </node>
    <node id="118">
      <data key="d0">0.95</data>
      <data key="d1">5.09</data>
    </node>
    <node id="119">
      <data key="d0">1.22</data>
      <data key="d1">5.46</data>
    </node>
    <node id="120">
      <data key="d0">1.22</data>
      <data key="d1">5.09</data>
    </node>
    <node id="121">
      <data key="d0">1.5</data>
      <data key="d1">5.46</data>
    </node>
    <node id="122">
      <data key="d0">1.5</data>
      <data key="d1">5.09</data>
    </node>
    <node id="123">
      <data key="d0">1.77</data>
      <data key="d1">5.46</data>
    </node>
    <node id="124">
      <data key="d0">1.77</data>
      <data key="d1">5.09</data>
    </node>
    <edge source="1" target="86">
      <data key="d2">False</data>
    </edge>
    <edge source="2" target="9">
      <data key="d2">False</data>
    </edge>
    <edge source="3" target="91">
      <data key="d2">False</data>
    </edge>
    <edge source="4" target="10">
      <data key="d2">False</data>
    </edge>
    <edge source="5" target="87">
      <data key="d2">False</data>
    </edge>
    <edge source="6" target="11">
      <data key="d2">False</data>
    </edge>
    <edge source="7" target="78">
      <data key="d2">False</data>
    </edge>
    <edge source="8" target="12">
      <data key="d2">False</data>
    </edge>
    <edge source="9" target="3">
      <data key="d2">False</data>
    </edge>
    <edge source="9" target="5">
      <data key="d2">False</data>
    </edge>
    <edge source="9" target="7">
      <data key="d2">False</data>
    </edge>
    <edge source="10" target="5">
      <data key="d2">False</data>
    </edge>
    <edge source="10" target="7">
      <data key="d2">False</data>
    </edge>
    <edge source="10" target="1">
      <data key="d2">False</data>
    </edge>
    <edge source="11" target="7">
      <data key="d2">False</data>
    </edge>
    <edge source="11" target="1">
      <data key="d2">False</data>
    </edge>
    <edge source="11" target="3">
      <data key="d2">False</data>
    </edge>
    <edge source="12" target="1">
      <data key="d2">False</data>
    </edge>
    <edge source="12" target="3">
      <data key="d2">False</data>
    </edge>
    <edge source="12" target="5">
      <data key="d2">False</data>
    </edge>
    <edge source="13" target="70">
      <data key="d2">False</data>
    </edge>
    <edge source="14" target="19">
      <data key="d2">False</data>
    </edge>
    <edge source="15" target="75">
      <data key="d2">False</data>
    </edge>
    <edge source="16" target="20">
      <data key="d2">False</data>
    </edge>
    <edge source="17" target="71">
      <data key="d2">False</data>
    </edge>
    <edge source="18" target="21">
      <data key="d2">False</data>
    </edge>
    <edge source="19" target="15">
      <data key="d2">False</data>
    </edge>
    <edge source="19" target="17">
      <data key="d2">False</data>
    </edge>
    <edge source="20" target="17">
      <data key="d2">False</data>
    </edge>
    <edge source="20" target="13">
      <data key="d2">False</data>
    </edge>
    <edge source="21" target="13">
      <data key="d2">False</data>
    </edge>
    <edge source="21" target="15">
      <data key="d2">False</data>
    </edge>
    <edge source="22" target="101">
      <data key="d2">False</data>
    </edge>
    <edge source="23" target="28">
      <data key="d2">False</data>
    </edge>
    <edge source="24" target="94">
      <data key="d2">False</data>
    </edge>
    <edge source="25" target="29">
      <data key="d2">False</data>
    </edge>
    <edge source="26" target="100">
      <data key="d2">False</data>
    </edge>
    <edge source="27" target="30">
      <data key="d2">False</data>
    </edge>
    <edge source="28" target="24">
      <data key="d2">False</data>
    </edge>
    <edge source="28" target="26">
      <data key="d2">False</data>
    </edge>
    <edge source="29" target="26">
      <data key="d2">False</data>
    </edge>
    <edge source="29" target="22">
      <data key="d2">False</data>
    </edge>
    <edge source="30" target="22">
      <data key="d2">False</data>
    </edge>
    <edge source="30" target="24">
      <data key="d2">False</data>
    </edge>
    <edge source="31" target="79">
      <data key="d2">False</data>
    </edge>
    <edge source="32" target="31">
      <data key="d2">False</data>
    </edge>
    <edge source="33" target="32">
      <data key="d2">False</data>
    </edge>
    <edge source="34" target="33">
      <data key="d2">False</data>
    </edge>
    <edge source="35" target="34">
      <data key="d2">False</data>
    </edge>
    <edge source="36" target="37">
      <data key="d2">False</data>
    </edge>
    <edge source="37" target="38">
      <data key="d2">False</data>
    </edge>
    <edge source="38" target="39">
      <data key="d2">False</data>
    </edge>
    <edge source="39" target="67">
      <data key="d2">False</data>
    </edge>
    <edge source="40" target="90">
      <data key="d2">False</data>
    </edge>
    <edge source="41" target="40">
      <data key="d2">False</data>
    </edge>
    <edge source="42" target="41">
      <data key="d2">False</data>
    </edge>
    <edge source="43" target="42">
      <data key="d2">False</data>
    </edge>
    <edge source="44" target="43">
      <data key="d2">False</data>
    </edge>
    <edge source="45" target="46">
      <data key="d2">False</data>
    </edge>
    <edge source="46" target="47">
      <data key="d2">False</data>
    </edge>
    <edge source="47" target="48">
      <data key="d2">False</data>
    </edge>
    <edge source="48" target="95">
      <data key="d2">False</data>
    </edge>
    <edge source="49" target="98">
      <data key="d2">False</data>
    </edge>
    <edge source="50" target="49">
      <data key="d2">False</data>
    </edge>
    <edge source="51" target="50">
      <data key="d2">False</data>
    </edge>
    <edge source="52" target="51">
      <data key="d2">False</data>
    </edge>
    <edge source="53" target="52">
      <data key="d2">False</data>
    </edge>
    <edge source="54" target="55">
      <data key="d2">False</data>
    </edge>
    <edge source="55" target="56">
      <data key="d2">False</data>
    </edge>
    <edge source="56" target="57">
      <data key="d2">False</data>
    </edge>
    <edge source="57" target="104">
      <data key="d2">False</data>
    </edge>
    <edge source="58" target="83">
      <data key="d2">False</data>
    </edge>
    <edge source="59" target="58">
      <data key="d2">False</data>
    </edge>
    <edge source="60" target="59">
      <data key="d2">False</data>
    </edge>
    <edge source="61" target="60">
      <data key="d2">False</data>
    </edge>
    <edge source="62" target="61">
      <data key="d2">False</data>
    </edge>
    <edge source="63" target="64">
      <data key="d2">False</data>
    </edge>
    <edge source="64" target="65">
      <data key="d2">False</data>
    </edge>
    <edge source="65" target="66">
      <data key="d2">False</data>
    </edge>
    <edge source="66" target="82">
      <data key="d2">False</data>
    </edge>
    <edge source="67" target="69">
      <data key="d2">False</data>
    </edge>
    <edge source="68" target="35">
      <data key="d2">False</data>
    </edge>
    <edge source="69" target="14">
      <data key="d2">False</data>
    </edge>
    <edge source="70" target="68">
      <data key="d2">False</data>
    </edge>
    <edge source="71" target="73">
      <data key="d2">False</data>
    </edge>
    <edge source="72" target="18">
      <data key="d2">False</data>
    </edge>
    <edge source="73" target="105">
      <data key="d2">False</data>
    </edge>
    <edge source="74" target="72">
      <data key="d2">False</data>
    </edge>
    <edge source="75" target="77">
      <data key="d2">False</data>
    </edge>
    <edge source="76" target="16">
      <data key="d2">False</data>
    </edge>
    <edge source="77" target="8">
      <data key="d2">False</data>
    </edge>
    <edge source="78" target="76">
      <data key="d2">False</data>
    </edge>
    <edge source="79" target="81">
      <data key="d2">False</data>
    </edge>
    <edge source="80" target="36">
      <data key="d2">False</data>
    </edge>
    <edge source="81" target="62">
      <data key="d2">False</data>
    </edge>
    <edge source="82" target="80">
      <data key="d2">False</data>
    </edge>
    <edge source="83" target="85">
      <data key="d2">False</data>
    </edge>
    <edge source="84" target="63">
      <data key="d2">False</data>
    </edge>
    <edge source="85" target="2">
      <data key="d2">False</data>
    </edge>
    <edge source="86" target="84">
      <data key="d2">False</data>
    </edge>
    <edge source="87" target="89">
      <data key="d2">False</data>
    </edge>
    <edge source="88" target="6">
      <data key="d2">False</data>
    </edge>
    <edge source="89" target="45">
      <data key="d2">False</data>
    </edge>
    <edge source="90" target="88">
      <data key="d2">False</data>
    </edge>
    <edge source="91" target="93">
      <data key="d2">False</data>
    </edge>
    <edge source="92" target="4">
      <data key="d2">False</data>
    </edge>
    <edge source="93" target="25">
      <data key="d2">False</data>
    </edge>
    <edge source="94" target="92">
      <data key="d2">False</data>
    </edge>
    <edge source="95" target="97">
      <data key="d2">False</data>
    </edge>
    <edge source="96" target="44">
      <data key="d2">False</data>
    </edge>
    <edge source="97" target="54">
      <data key="d2">False</data>
    </edge>
    <edge source="98" target="96">
      <data key="d2">False</data>
    </edge>
    <edge source="99" target="27">
      <data key="d2">False</data>
    </edge>
    <edge source="100" target="124">
      <data key="d2">False</data>
    </edge>
    <edge source="101" target="103">
      <data key="d2">False</data>
    </edge>
    <edge source="102" target="23">
      <data key="d2">False</data>
    </edge>
    <edge source="103" target="53">
      <data key="d2">False</data>
    </edge>
    <edge source="104" target="102">
      <data key="d2">False</data>
    </edge>
    <edge source="105" target="107">
      <data key="d2">True</data>
    </edge>
    <edge source="106" target="74">
      <data key="d2">False</data>
    </edge>
    <edge source="107" target="109">
      <data key="d2">True</data>
    </edge>
    <edge source="108" target="106">
      <data key="d2">True</data>
    </edge>
    <edge source="109" target="111">
      <data key="d2">True</data>
    </edge>
    <edge source="110" target="108">
      <data key="d2">True</data>
    </edge>
    <edge source="112" target="110">
      <data key="d2">True</data>
    </edge>
    <edge source="113" target="115">
      <data key="d2">True</data>
    </edge>
    <edge source="115" target="117">
      <data key="d2">True</data>
    </edge>
    <edge source="116" target="114">
      <data key="d2">True</data>
    </edge>
    <edge source="117" target="119">
      <data key="d2">True</data>
    </edge>
    <edge source="118" target="116">
      <data key="d2">True</data>
    </edge>
    <edge source="119" target="121">
      <data key="d2">True</data>
    </edge>
    <edge source="120" target="118">
      <data key="d2">True</data>
    </edge>
    <edge source="121" target="123">
      <data key="d2">True</data>
    </edge>
    <edge source="122" target="120">
      <data key="d2">True</data>
    </edge>
    <edge source="123" target="99">
      <data key="d2">False</data>
    </edge>
    <edge source="124" target="122">
      <data key="d2">True</data>
    </edge>
  </graph>
</graphml>
