<graph><node><id>112</id><x>5.46</x><y>0.49</y></node><node><id>110</id><x>5.18</x><y>0.49</y></node><node><id>108</id><x>4.91</x><y>0.49</y></node><node><id>106</id><x>4.63</x><y>0.49</y></node><node><id>74</id><x>4.29</x><y>0.49</y></node><node><id>72</id><x>3.94</x><y>0.49</y></node><node><id>18</id><x>3.72</x><y>0.48</y></node><node><id>21</id><x>2.96</x><y>0.67</y></node><node><id>15</id><x>2.78</x><y>1.43</y></node><node><id>75</id><x>2.78</x><y>1.64</y></node><node><id>77</id><x>2.78</x><y>1.97</y></node><node><id>8</id><x>2.78</x><y>2.19</y></node><node><id>12</id><x>2.96</x><y>2.96</y></node><node><id>1</id><x>2.19</x><y>2.78</y></node><node><id>86</id><x>1.97</x><y>2.79</y></node><node><id>84</id><x>1.64</x><y>2.79</y></node><node><id>63</id><x>1.43</x><y>2.75</y></node><node><id>64</id><x>1.18</x><y>2.7</y></node><node><id>65</id><x>0.92</x><y>2.44</y></node><node><id>66</id><x>0.87</x><y>2.19</y></node><node><id>82</id><x>0.85</x><y>1.97</y></node><node><id>80</id><x>0.85</x><y>1.65</y></node><node><id>36</id><x>0.88</x><y>1.44</y></node><node><id>37</id><x>0.93</x><y>1.19</y></node><node><id>38</id><x>1.2</x><y>0.93</y></node><node><id>39</id><x>1.44</x><y>0.88</y></node><node><id>67</id><x>1.66</x><y>0.86</y></node><node><id>69</id><x>1.99</x><y>0.86</y></node><node><id>14</id><x>2.21</x><y>0.86</y></node><node><id>19</id><x>2.96</x><y>0.67</y></node><node><id>15</id><x>2.78</x><y>1.43</y></node><node><id>75</id><x>2.78</x><y>1.64</y></node><node><id>77</id><x>2.78</x><y>1.97</y></node><node><id>8</id><x>2.78</x><y>2.19</y></node><node><id>12</id><x>2.96</x><y>2.96</y></node><node><id>3</id><x>2.78</x><y>3.73</y></node><node><id>91</id><x>2.78</x><y>3.96</y></node><node><id>93</id><x>2.78</x><y>4.29</y></node><node><id>25</id><x>2.78</x><y>4.52</y></node><node><id>29</id><x>2.96</x><y>5.28</y></node><node><id>26</id><x>2.21</x><y>5.09</y></node><node><id>100</id><x>2.06</x><y>5.09</y></node><node><id>124</id><x>1.77</x><y>5.09</y></node><node><id>122</id><x>1.5</x><y>5.09</y></node><node><id>120</id><x>1.22</x><y>5.09</y></node><node><id>118</id><x>0.95</x><y>5.09</y></node><node><id>116</id><x>0.67</x><y>5.09</y></node><node><id>114</id><x>0.4</x><y>5.09</y></node></graph>